YEAR,STATEFIP,COUNTYFIP,WFH,AGE,INCWAGE,EDUCS
2022,51,107,0,19,4000,2
2022,51,107,1,21,12500,2
2022,51,107,0,20,3000,2
2022,51,107,0,19,4000,2
2022,51,107,0,21,6700,2
2022,51,107,0,19,1500,2
2022,51,107,1,21,12500,2
2022,51,107,0,33,3800,1
2022,51,107,1,21,7000,2
2022,51,107,0,54,14000,1
2022,51,107,0,20,1700,2
2022,51,107,0,19,11700,2
2022,51,107,1,50,95000,2
2022,51,107,0,61,80000,4
2022,51,107,0,67,86000,1
2022,51,107,0,45,143000,3
2022,51,107,0,50,187000,3
2022,51,107,0,49,31000,2
2022,51,107,1,49,190000,2
2022,51,107,0,46,195000,3
2022,51,107,1,54,173000,3
2022,51,107,0,42,132000,4
2022,51,107,0,38,211000,4
2022,51,107,0,38,70000,3
2022,51,107,0,37,82000,2
2022,51,107,1,64,114000,3
2022,51,107,0,52,15000,3
2022,51,107,0,35,110000,2
2022,51,107,1,33,50000,4
2022,51,107,0,23,51000,3
2022,51,107,0,43,50000,4
2022,51,107,1,45,250000,3
2022,51,107,0,57,80000,2
2022,51,107,0,58,12000,1
2022,51,107,0,52,68000,1
2022,51,107,0,54,210000,4
2022,51,107,0,41,60000,4
2022,51,107,0,39,23000,1
2022,51,107,0,50,155000,3
2022,51,107,0,40,200000,4
2022,51,107,1,40,30000,3
2022,51,107,1,28,198000,3
2022,51,107,0,29,110000,4
2022,51,107,1,32,92000,4
2022,51,107,1,28,60000,4
2022,51,107,1,56,157000,3
2022,51,107,0,29,68000,4
2022,51,107,0,54,50000,2
2022,51,107,0,19,25000,1
2022,51,107,0,40,80000,2
2022,51,107,1,54,100000,3
2022,51,107,1,53,85000,2
2022,51,107,0,22,45000,1
2022,51,107,0,55,75000,3
2022,51,107,0,45,100000,1
2022,51,107,0,59,5800,2
2022,51,107,0,38,113000,3
2022,51,107,1,44,185000,3
2022,51,107,0,36,135000,3
2022,51,107,0,35,90000,3
2022,51,107,1,45,131000,4
2022,51,107,0,50,100000,4
2022,51,107,1,49,50000,3
2022,51,107,0,18,10000,1
2022,51,107,0,30,140000,3
2022,51,107,1,33,55000,2
2022,51,107,0,27,10000,2
2022,51,107,0,38,20000,1
2022,51,107,0,57,119000,3
2022,51,107,1,57,90000,3
2022,51,107,0,24,55000,3
2022,51,107,0,21,45000,1
2022,51,107,0,39,95000,3
2022,51,107,0,38,107000,3
2022,51,107,0,26,47000,4
2022,51,107,1,64,125000,1
2022,51,107,1,63,1800,1
2022,51,107,0,51,120000,1
2022,51,107,0,35,83000,2
2022,51,107,0,30,70000,1
2022,51,107,1,33,100000,3
2022,51,107,0,33,30000,2
2022,51,107,1,48,190000,4
2022,51,107,0,39,315000,4
2022,51,107,0,47,89000,3
2022,51,107,0,36,67000,4
2022,51,107,0,60,45000,2
2022,51,107,1,73,5000,2
2022,51,107,0,58,160000,4
2022,51,107,1,52,90000,3
2022,51,107,0,21,12000,2
2022,51,107,0,62,160000,2
2022,51,107,0,35,150000,3
2022,51,107,0,31,115000,3
2022,51,107,1,52,50000,2
2022,51,107,0,55,160000,2
2022,51,107,1,44,150000,2
2022,51,107,1,46,30100,1
2022,51,107,0,58,95000,3
2022,51,107,1,58,150000,3
2022,51,107,1,32,100000,4
2022,51,107,1,34,50000,3
2022,51,107,0,42,150000,3
2022,51,107,0,49,150000,2
2022,51,107,0,65,190000,3
2022,51,107,0,36,135000,4
2022,51,107,1,48,180000,4
2022,51,107,1,39,60000,4
2022,51,107,0,50,350000,3
2022,51,107,0,58,93000,2
2022,51,107,0,28,6300,1
2022,51,107,0,62,40000,3
2022,51,107,0,61,35000,3
2022,51,107,0,66,36400,2
2022,51,107,0,41,75000,1
2022,51,107,0,37,50000,1
2022,51,107,0,30,45400,1
2022,51,107,0,21,9000,1
2022,51,107,0,39,87000,3
2022,51,107,0,40,138000,2
2022,51,107,1,69,47000,4
2022,51,107,1,49,16000,4
2022,51,107,1,58,210000,3
2022,51,107,0,25,24000,2
2022,51,107,0,38,350000,3
2022,51,107,1,64,130000,4
2022,51,107,1,28,60000,3
2022,51,107,0,58,89000,4
2022,51,107,1,63,75000,3
2022,51,107,0,65,0,4
2022,51,107,1,48,200000,3
2022,51,107,0,47,200000,3
2022,51,107,1,42,226000,3
2022,51,107,0,39,26100,4
2022,51,107,1,58,350000,3
2022,51,107,1,40,35000,2
2022,51,107,0,37,45000,3
2022,51,107,0,28,97000,3
2022,51,107,0,28,120000,3
2022,51,107,0,41,280000,4
2022,51,107,0,60,143000,4
2022,51,107,0,61,155000,4
2022,51,107,1,59,145000,4
2022,51,107,1,52,100000,4
2022,51,107,0,28,72000,4
2022,51,107,1,31,90000,3
2022,51,107,0,31,70000,3
2022,51,107,0,44,62000,1
2022,51,107,0,39,55000,3
2022,51,107,1,32,130000,3
2022,51,107,1,30,130000,3
2022,51,107,0,69,16000,1
2022,51,107,0,65,4100,4
2022,51,107,0,36,65000,4
2022,51,107,0,37,98000,4
2022,51,107,1,67,68000,1
2022,51,107,1,63,98000,1
2022,51,107,0,61,9200,3
2022,51,107,0,26,95000,3
2022,51,107,1,57,150000,2
2022,51,107,0,52,95000,3
2022,51,107,0,53,140000,4
2022,51,107,0,17,2600,1
2022,51,107,0,61,70000,1
2022,51,107,0,58,5600,1
2022,51,107,0,54,55000,1
2022,51,107,1,57,65000,2
2022,51,107,0,25,16000,2
2022,51,107,0,36,45400,4
2022,51,107,0,34,217000,3
2022,51,107,0,53,137000,3
2022,51,107,0,38,80000,3
2022,51,107,0,39,30000,2
2022,51,107,1,47,86000,3
2022,51,107,0,48,130000,2
2022,51,107,0,50,50000,1
2022,51,107,0,46,38000,1
2022,51,107,0,21,30000,1
2022,51,107,0,39,200000,3
2022,51,107,0,43,95000,2
2022,51,107,0,47,82000,2
2022,51,107,0,52,94000,2
2022,51,107,1,59,236000,3
2022,51,107,0,64,160000,2
2022,51,107,0,49,55000,1
2022,51,107,0,41,32000,2
2022,51,107,0,40,31200,2
2022,51,107,1,62,179000,3
2022,51,107,0,23,33000,4
2022,51,107,0,24,5300,1
2022,51,107,0,25,15600,1
2022,51,107,0,63,300000,3
2022,51,107,0,42,35000,1
2022,51,107,0,34,65000,1
2022,51,107,0,49,20000,2
2022,51,107,0,53,44000,2
2022,51,107,1,54,175000,3
2022,51,107,0,54,40000,3
2022,51,107,0,18,11300,1
2022,51,107,0,49,100000,2
2022,51,107,0,49,100000,2
2022,51,107,0,58,100000,1
2022,51,107,0,56,100000,1
2022,51,107,0,37,60000,1
2022,51,107,1,69,6500,4
2022,51,107,0,42,175000,4
2022,51,107,0,47,135000,4
2022,51,107,0,48,34000,4
2022,51,107,1,51,217000,3
2022,51,107,0,54,173000,4
2022,51,107,0,44,140000,4
2022,51,107,0,43,60000,3
2022,51,107,0,57,120000,4
2022,51,107,0,36,216000,4
2022,51,107,0,37,65000,3
2022,51,107,1,35,50000,1
2022,51,107,1,27,65000,3
2022,51,107,0,42,62000,3
2022,51,107,0,39,48000,4
2022,51,107,1,56,137000,3
2022,51,107,1,57,104000,3
2022,51,107,1,69,0,3
2022,51,107,0,68,12000,4
2022,51,107,0,68,63000,3
2022,51,107,0,56,185000,3
2022,51,107,0,40,140000,3
2022,51,107,0,40,0,3
2022,51,107,1,27,65000,4
2022,51,107,1,61,179000,3
2022,51,107,1,31,44000,3
2022,51,107,0,31,45000,3
2022,51,107,0,49,90000,4
2022,51,107,0,45,65000,2
2022,51,107,0,49,0,3
2022,51,107,1,45,150000,4
2022,51,107,1,65,170000,4
2022,51,107,0,51,91000,4
2022,51,107,0,46,95000,3
2022,51,107,0,42,44000,3
2022,51,107,0,17,3000,1
2022,51,107,0,60,3000,3
2022,51,107,0,63,18000,3
2022,51,107,0,22,80000,2
2022,51,107,0,23,65000,3
2022,51,107,0,51,15800,1
2022,51,107,0,43,45000,1
2022,51,107,0,71,41000,3
2022,51,107,0,50,145000,4
2022,51,107,0,47,10000,4
2022,51,107,0,54,200000,3
2022,51,107,1,50,250000,3
2022,51,107,0,40,150000,3
2022,51,107,1,34,75000,3
2022,51,107,0,68,70000,3
2022,51,107,0,35,64000,3
2022,51,107,0,38,60000,1
2022,51,107,0,46,275000,4
2022,51,107,0,43,48000,1
2022,51,107,0,57,5500,3
2022,51,107,0,49,157000,3
2022,51,107,0,42,21000,1
2022,51,107,1,43,100000,3
2022,51,107,0,51,197000,4
2022,51,107,0,45,145000,3
2022,51,107,0,45,15000,4
2022,51,107,0,47,26000,1
2022,51,107,0,46,80000,2
2022,51,107,0,53,96000,2
2022,51,107,0,40,179000,3
2022,51,107,1,42,132000,3
2022,51,107,0,53,150000,3
2022,51,107,0,19,6000,1
2022,51,107,1,66,168000,3
2022,51,107,0,61,98000,3
2022,51,107,1,59,132000,3
2022,51,107,0,53,50000,4
2022,51,107,1,54,90000,4
2022,51,107,0,27,104000,4
2022,51,107,0,27,82000,4
2022,51,107,0,37,90000,3
2022,51,107,0,32,20000,1
2022,51,107,0,50,270000,4
2022,51,107,0,51,0,4
2022,51,107,0,53,190000,4
2022,51,107,0,59,165000,3
2022,51,107,0,48,78000,2
2022,51,107,0,42,110000,4
2022,51,107,0,28,60000,3
2022,51,107,0,54,75000,2
2022,51,107,1,27,33700,4
2022,51,107,0,23,10000,2
2022,51,107,0,22,10000,3
2022,51,107,1,59,10000,1
2022,51,107,0,48,85000,3
2022,51,107,1,45,89000,3
2022,51,107,0,56,137000,3
2022,51,107,0,65,65000,3
2022,51,107,0,80,65000,4
2022,51,107,0,54,192000,1
2022,51,107,0,53,110000,1
2022,51,107,1,29,90000,2
2022,51,107,1,21,5000,2
2022,51,107,1,20,5000,1
2022,51,107,0,42,10000,3
2022,51,107,1,34,10000,3
2022,51,107,1,33,155000,4
2022,51,107,0,58,82000,2
2022,51,107,0,38,83000,4
2022,51,107,0,33,150000,3
2022,51,107,0,71,77000,4
2022,51,107,1,38,82000,4
2022,51,107,1,56,75000,1
2022,51,107,0,35,14000,3
2022,51,107,0,41,100000,3
2022,51,107,0,37,70000,3
2022,51,107,0,51,110000,3
2022,51,107,0,46,90000,2
2022,51,107,0,38,184000,4
2022,51,107,1,37,130000,4
2022,51,107,0,60,27000,1
2022,51,107,0,24,20000,3
2022,51,107,0,51,210000,3
2022,51,107,0,48,113000,4
2022,51,107,0,58,340000,3
2022,51,107,0,54,65000,2
2022,51,107,1,40,120000,3
2022,51,107,0,52,58000,2
2022,51,107,0,38,220000,4
2022,51,107,1,32,98000,4
2022,51,107,0,37,159000,4
2022,51,107,0,42,140000,3
2022,51,107,1,33,240000,3
2022,51,107,0,24,36500,3
2022,51,107,0,22,60000,3
2022,51,107,0,61,23000,1
2022,51,107,0,41,100000,1
2022,51,107,1,41,120000,1
2022,51,107,0,26,50000,3
2022,51,107,0,26,10000,1
2022,51,107,1,47,36000,1
2022,51,107,0,46,36000,1
2022,51,107,0,42,0,4
2022,51,107,0,46,0,4
2022,51,107,0,46,193000,4
2022,51,107,0,46,110000,1
2022,51,107,1,33,76000,3
2022,51,107,0,34,90000,1
2022,51,107,1,59,200000,3
2022,51,107,1,59,100000,4
2022,51,107,1,53,180000,3
2022,51,107,1,52,68000,2
2022,51,107,0,17,3500,1
2022,51,107,0,54,60000,4
2022,51,107,0,45,5500,2
2022,51,107,1,48,100000,4
2022,51,107,0,44,8000,3
2022,51,107,0,20,59000,2
2022,51,107,0,46,30000,1
2022,51,107,0,59,0,3
2022,51,107,0,57,175000,3
2022,51,107,1,48,246000,4
2022,51,107,0,48,230000,3
2022,51,107,0,46,140000,3
2022,51,107,0,70,25000,1
2022,51,107,0,35,26000,3
2022,51,107,1,43,167000,3
2022,51,107,1,37,70000,3
2022,51,107,0,65,56000,4
2022,51,107,0,31,35000,2
2022,51,107,0,52,200000,1
2022,51,107,0,54,70000,1
2022,51,107,0,22,10000,1
2022,51,107,1,63,292000,4
2022,51,107,1,63,120000,3
2022,51,107,1,31,150000,4
2022,51,107,1,64,20000,4
2022,51,107,1,52,300000,3
2022,51,107,1,72,20000,3
2022,51,107,0,40,21800,2
2022,51,107,0,65,190000,4
2022,51,107,1,43,73000,1
2022,51,107,0,60,107000,4
2022,51,107,0,55,6000,3
2022,51,107,0,19,2000,1
2022,51,107,0,40,145000,4
2022,51,107,1,41,150000,4
2022,51,107,1,42,180000,4
2022,51,107,1,25,8000,1
2022,51,107,0,36,73000,4
2022,51,107,0,25,38000,3
2022,51,107,0,44,45000,4
2022,51,107,0,29,25000,3
2022,51,107,0,50,42000,1
2022,51,107,0,20,10000,1
2022,51,107,1,56,78000,3
2022,51,107,0,61,0,1
2022,51,107,0,29,95000,4
2022,51,107,0,25,95000,3
2022,51,107,0,29,140000,3
2022,51,107,0,35,170000,3
2022,51,107,0,35,55000,3
2022,51,107,0,50,200000,3
2022,51,107,0,49,69000,4
2022,51,107,0,17,2600,1
2022,51,107,1,55,139000,4
2022,51,107,0,53,7500,3
2022,51,107,1,26,57000,4
2022,51,107,1,28,156000,3
2022,51,107,1,29,84000,4
2022,51,107,1,34,200000,3
2022,51,107,1,34,125000,4
2022,51,107,1,39,190000,4
2022,51,107,0,41,220000,3
2022,51,107,0,38,45000,2
2022,51,107,0,34,40000,2
2022,51,107,0,20,10100,1
2022,51,107,0,52,165000,4
2022,51,107,0,34,60000,3
2022,51,107,0,31,60000,4
2022,51,107,0,59,120000,1
2022,51,107,0,68,90000,1
2022,51,107,1,66,150000,2
2022,51,107,1,40,213000,3
2022,51,107,0,40,142000,2
2022,51,107,0,40,143000,3
2022,51,107,0,72,176000,3
2022,51,107,0,54,30000,1
2022,51,107,0,24,8000,3
2022,51,107,1,60,103000,2
2022,51,107,0,29,91000,4
2022,51,107,0,30,42000,3
2022,51,107,0,56,96000,2
2022,51,107,0,48,7000,4
2022,51,107,0,50,190000,4
2022,51,107,0,17,350,1
2022,51,107,1,61,200000,3
2022,51,107,0,33,6000,1
2022,51,107,1,34,160000,3
2022,51,107,0,36,140000,2
2022,51,107,0,51,158000,3
2022,51,107,0,61,215000,3
2022,51,107,1,43,96000,3
2022,51,107,0,52,35000,2
2022,51,107,1,81,0,1
2022,51,107,0,46,300000,4
2022,51,107,0,69,177000,4
2022,51,107,0,38,1200,3
2022,51,107,1,38,150000,4
2022,51,107,0,37,30000,3
2022,51,107,0,39,7500,3
2022,51,107,0,32,18600,1
2022,51,107,0,26,23000,1
2022,51,107,0,33,38000,2
2022,51,107,0,34,40000,3
2022,51,107,0,64,19200,2
2022,51,107,0,21,32000,1
2022,51,107,0,20,12000,1
2022,51,107,0,22,35000,2
2022,51,107,0,21,12600,1
2022,51,107,0,34,180000,4
2022,51,107,1,33,88000,3
2022,51,107,0,23,80000,3
2022,51,107,0,41,200000,3
2022,51,107,1,42,120000,4
2022,51,107,0,32,65000,1
2022,51,107,1,35,75000,3
2022,51,107,0,48,150000,4
2022,51,107,1,57,150000,1
2022,51,107,0,43,350000,3
2022,51,107,1,46,190000,4
2022,51,107,0,46,78000,4
2022,51,107,0,59,6000,1
2022,51,107,1,59,90000,1
2022,51,107,0,24,16000,3
2022,51,107,1,49,165000,4
2022,51,107,0,45,34000,1
2022,51,107,0,39,3700,1
2022,51,107,1,56,0,3
2022,51,107,0,59,50000,3
2022,51,107,0,29,25000,2
2022,51,107,0,76,1100,2
2022,51,107,0,49,150000,3
2022,51,107,1,50,191000,3
2022,51,107,0,32,65000,4
2022,51,107,0,32,80000,2
2022,51,107,0,64,56000,1
2022,51,107,0,60,98000,1
2022,51,107,0,44,165000,3
2022,51,107,1,41,50000,3
2022,51,107,1,62,165000,4
2022,51,107,1,60,15000,3
2022,51,107,0,23,70000,3
2022,51,107,1,28,124000,3
2022,51,107,0,28,84000,3
2022,51,107,1,38,95000,3
2022,51,107,0,52,114000,3
2022,51,107,0,19,20000,1
2022,51,107,0,54,36000,3
2022,51,107,0,47,0,3
2022,51,107,0,23,24000,2
2022,51,107,1,68,290000,3
2022,51,107,0,42,60000,2
2022,51,107,0,56,120000,1
2022,51,107,0,44,75000,4
2022,51,107,0,53,147000,4
2022,51,107,1,52,70000,3
2022,51,107,0,21,20000,1
2022,51,107,0,42,26400,2
2022,51,107,0,43,32000,3
2022,51,107,0,41,140000,3
2022,51,107,0,33,130000,4
2022,51,107,0,37,50000,3
2022,51,107,0,40,42000,1
2022,51,107,0,47,80000,1
2022,51,107,0,16,3000,1
2022,51,107,0,57,85000,4
2022,51,107,0,62,129000,3
2022,51,107,0,64,46000,3
2022,51,107,1,54,140000,3
2022,51,107,0,64,172000,2
2022,51,107,0,55,164000,4
2022,51,107,0,52,55000,3
2022,51,107,1,31,74000,4
2022,51,107,0,34,61000,2
2022,51,107,0,49,156000,3
2022,51,107,0,50,96000,4
2022,51,107,0,41,350000,3
2022,51,107,0,36,140000,3
2022,51,107,1,58,164000,3
2022,51,107,0,87,202000,4
2022,51,107,0,43,18000,4
2022,51,107,0,44,115000,4
2022,51,107,0,49,145000,1
2022,51,107,0,48,85000,4
2022,51,107,0,31,100000,3
2022,51,107,0,28,85000,3
2022,51,107,0,27,40000,3
2022,51,107,1,33,11000,4
2022,51,107,0,34,5000,2
2022,51,107,0,43,175000,3
2022,51,107,0,42,25000,4
2022,51,107,0,44,50000,3
2022,51,107,0,40,30000,1
2022,51,107,0,46,48000,1
2022,51,107,0,46,156000,1
2022,51,107,0,18,8500,1
2022,51,107,1,47,150000,3
2022,51,107,0,66,202000,4
2022,51,107,0,62,14000,3
2022,51,107,0,21,55000,2
2022,51,107,0,19,7000,1
2022,51,107,0,48,11500,1
2022,51,107,1,40,81000,3
2022,51,107,0,43,85000,2
2022,51,107,0,31,44200,2
2022,51,107,0,27,44200,3
2022,51,107,1,37,184000,4
2022,51,107,0,34,128000,4
2022,51,107,0,59,80000,2
2022,51,107,0,33,225000,4
2022,51,107,0,27,85000,3
2022,51,107,0,45,75000,3
2022,51,107,0,43,50000,2
2022,51,107,0,16,7300,1
2022,51,107,0,46,139000,3
2022,51,107,0,40,118000,2
2022,51,107,0,55,150000,1
2022,51,107,0,63,200000,2
2022,51,107,0,55,49100,3
2022,51,107,0,52,200000,1
2022,51,107,0,18,7000,1
2022,51,107,0,63,40000,2
2022,51,107,1,39,254000,3
2022,51,107,0,41,55000,4
2022,51,107,0,42,320000,4
2022,51,107,1,40,120000,4
2022,51,107,0,52,80000,2
2022,51,107,0,48,108000,1
2022,51,107,0,66,102000,3
2022,51,107,1,54,200000,4
2022,51,107,0,17,4000,1
2022,51,107,0,17,12000,1
2022,51,107,0,66,28000,3
2022,51,107,0,53,300000,4
2022,51,107,1,28,75000,3
2022,51,107,0,28,40000,2
2022,51,107,0,21,40000,1
2022,51,107,1,61,130000,4
2022,51,107,0,22,11000,2
2022,51,107,0,20,12000,1
2022,51,107,0,31,96000,3
2022,51,107,0,33,90000,3
2022,51,107,0,72,145000,4
2022,51,107,0,33,108000,3
2022,51,107,1,46,180000,4
2022,51,107,1,42,145000,4
2022,51,107,1,42,137000,4
2022,51,107,0,43,103000,4
2022,51,107,0,52,225000,4
2022,51,107,0,52,3000,3
2022,51,107,0,17,100,1
2022,51,107,0,22,10000,1
2022,51,107,0,49,81000,4
2022,51,107,0,16,100,1
2022,51,107,0,52,212000,4
2022,51,107,0,52,41000,1
2022,51,107,0,24,40000,3
2022,51,107,0,22,7000,2
2022,51,107,0,42,40000,1
2022,51,107,0,42,45000,1
2022,51,107,0,55,145000,3
2022,51,107,1,63,138000,4
2022,51,107,1,58,127000,1
2022,51,107,0,44,330000,3
2022,51,107,0,45,60000,4
2022,51,107,1,37,150000,3
2022,51,107,0,37,60000,4
2022,51,107,0,59,200000,4
2022,51,107,0,62,2500,1
2022,51,107,1,33,200000,4
2022,51,107,1,33,80000,4
2022,51,107,1,38,110000,3
2022,51,107,0,59,100000,2
2022,51,107,1,62,30000,3
2022,51,107,1,26,20000,2
2022,51,107,0,76,19000,3
2022,51,107,0,66,17000,2
2022,51,107,1,44,151000,3
2022,51,107,0,43,0,1
2022,51,107,0,56,56000,4
2022,51,107,0,23,27000,1
2022,51,107,0,44,145000,3
2022,51,107,0,49,57000,1
2022,51,107,0,40,70000,1
2022,51,107,0,41,14000,4
2022,51,107,1,64,88000,4
2022,51,107,1,56,300000,4
2022,51,107,0,45,120000,1
2022,51,107,0,21,21000,1
2022,51,107,0,46,38000,1
2022,51,107,1,28,8000,1
2022,51,107,1,35,109000,3
2022,51,107,0,26,45000,3
2022,51,107,1,26,30000,3
2022,51,107,1,39,150000,3
2022,51,107,0,60,150000,2
2022,51,107,0,57,73000,3
2022,51,107,0,30,98000,4
2022,51,107,0,34,87000,1
2022,51,107,0,34,136000,4
2022,51,107,0,56,349000,4
2022,51,107,0,57,137000,4
2022,51,107,1,57,150000,3
2022,51,107,0,60,57000,3
2022,51,107,1,40,35000,2
2022,51,107,0,39,70000,2
2022,51,107,0,49,174000,3
2022,51,107,0,43,181000,4
2022,51,107,0,36,42000,1
2022,51,107,1,54,135000,4
2022,51,107,1,49,69000,3
2022,51,107,1,54,102000,3
2022,51,107,0,53,68000,3
2022,51,107,1,49,240000,3
2022,51,107,1,36,20000,2
2022,51,107,0,53,100000,4
2022,51,107,0,49,90000,4
2022,51,107,0,36,150000,3
2022,51,107,1,33,100000,3
2022,51,107,0,64,145000,4
2022,51,107,1,62,150000,4
2022,51,107,0,61,139000,3
2022,51,107,0,35,45000,4
2022,51,107,0,35,30000,4
2022,51,107,0,34,130000,3
2022,51,107,0,38,100000,4
2022,51,107,0,38,90000,4
2022,51,107,0,58,120000,2
2022,51,107,1,38,125000,4
2022,51,107,1,41,95000,4
2022,51,107,0,47,0,2
2022,51,107,1,44,166000,3
2022,51,107,1,53,220000,3
2022,51,107,0,44,240000,3
2022,51,107,0,42,20000,4
2022,51,107,0,55,0,3
2022,51,107,0,47,0,1
2022,51,107,0,68,213000,4
2022,51,107,0,68,12000,2
2022,51,107,0,45,130000,4
2022,51,107,0,36,63000,4
2022,51,107,0,48,150000,3
2022,51,107,0,44,65000,3
2022,51,107,0,41,80000,4
2022,51,107,0,43,60000,1
2022,51,107,0,55,52000,2
2022,51,107,0,34,59000,2
2022,51,107,0,83,6400,2
2022,51,107,0,82,780,1
2022,51,107,0,35,25000,1
2022,51,107,0,26,4000,3
2022,51,107,0,22,27700,1
2022,51,107,0,22,60000,2
2022,51,107,0,22,16000,2
2022,51,107,0,22,37000,2
2022,51,107,0,55,45000,1
2022,51,107,1,74,0,4
2022,51,107,1,60,130000,1
2022,51,107,0,62,98000,1
2022,51,107,0,55,110000,3
2022,51,107,1,39,106000,3
2022,51,107,1,39,120000,4
2022,51,107,1,48,200000,4
2022,51,107,1,44,60000,3
2022,51,107,0,56,60000,4
2022,51,107,0,59,140000,3
2022,51,107,0,25,25600,1
2022,51,107,0,22,1700,1
2022,51,107,0,19,15000,1
2022,51,107,0,22,20000,1
2022,51,107,1,57,70000,3
2022,51,107,0,41,76000,4
2022,51,107,0,48,182000,4
2022,51,107,0,55,70,1
2022,51,107,0,21,61000,1
2022,51,107,0,29,248000,3
2022,51,107,0,29,58000,3
2022,51,107,0,63,250000,3
2022,51,107,0,20,12000,2
2022,51,107,0,42,110000,4
2022,51,107,0,50,152000,4
2022,51,107,0,58,74000,1
2022,51,107,0,23,30000,3
2022,51,107,0,52,141000,4
2022,51,107,1,45,147000,4
2022,51,107,0,40,129000,4
2022,51,107,0,54,35000,3
2022,51,107,0,41,41000,3
2022,51,107,0,41,88000,4
2022,51,107,0,40,0,4
2022,51,107,0,32,190000,3
2022,51,107,0,44,1700,1
2022,51,107,0,17,2900,1
2022,51,107,1,66,200000,3
2022,51,107,1,52,90000,2
2022,51,107,0,57,100000,4
2022,51,107,1,27,63000,3
2022,51,107,0,24,85000,3
2022,51,107,0,27,64000,3
2022,51,107,1,61,80000,1
2022,51,107,1,65,90000,1
2022,51,107,0,47,30000,1
2022,51,107,0,55,110000,3
2022,51,107,0,45,0,3
2022,51,107,1,42,20000,2
2022,51,107,1,42,100000,3
2022,51,107,0,55,40000,4
2022,51,107,0,59,35000,1
2022,51,107,0,54,31000,2
2022,51,107,0,52,75000,2
2022,51,107,0,38,76000,3
2022,51,107,0,65,355000,4
2022,51,107,0,60,72000,2
2022,51,107,0,54,7900,2
2022,51,107,0,25,15000,2
2022,51,107,0,59,0,2
2022,51,107,0,53,125000,4
2022,51,107,0,49,65000,4
2022,51,107,0,20,750,3
2022,51,107,0,55,40000,1
2022,51,107,0,52,55000,1
2022,51,107,0,25,21000,4
2022,51,107,0,56,97000,1
2022,51,107,0,31,115000,3
2022,51,107,0,62,300000,2
2022,51,107,1,59,100000,1
2022,51,107,0,47,28900,2
2022,51,107,0,48,200000,1
2022,51,107,0,53,40000,3
2022,51,107,1,56,200000,4
2022,51,107,0,25,50000,3
2022,51,107,1,66,112000,2
2022,51,107,1,49,0,1
2022,51,107,0,31,65000,2
2022,51,107,0,58,150000,2
2022,51,107,1,26,70000,3
2022,51,107,0,35,0,1
2022,51,107,0,33,3200,4
2022,51,107,0,39,24000,2
2022,51,107,0,67,40000,1
2022,51,107,0,59,0,1
2022,51,107,0,56,175000,3
2022,51,107,0,16,4000,1
2022,51,107,1,34,105000,4
2022,51,107,0,62,100000,1
2022,51,107,0,60,147000,3
2022,51,107,0,68,90000,3
2022,51,107,1,37,116000,4
2022,51,107,0,38,172000,4
2022,51,107,0,62,218000,4
2022,51,107,0,47,85000,3
2022,51,107,0,22,54000,1
2022,51,107,0,57,30000,2
2022,51,107,0,19,4000,2
2022,51,107,0,50,15000,4
2022,51,107,0,47,0,1
2022,51,107,1,22,15000,3
2022,51,107,1,50,120000,3
2022,51,107,1,46,18000,3
2022,51,107,1,35,125000,1
2022,51,107,1,53,50000,2
2022,51,107,1,56,120000,3
2022,51,107,0,18,750,1
2022,51,107,1,56,190000,2
2022,51,107,0,40,61000,4
2022,51,107,0,42,160000,3
2022,51,107,0,59,68000,3
2022,51,107,0,58,120000,2
2022,51,107,0,24,62000,3
2022,51,107,1,52,169000,4
2022,51,107,0,34,12000,1
2022,51,107,1,53,200000,4
2022,51,107,0,53,15000,3
2022,51,107,0,19,5000,1
2022,51,107,0,17,1000,1
2022,51,107,0,44,66000,4
2022,51,107,0,49,70000,2
2022,51,107,0,23,24000,1
2022,51,107,0,66,74000,1
2022,51,107,0,61,121000,3
2022,51,107,1,62,90000,3
2022,51,107,1,26,50000,3
2022,51,107,0,75,35600,1
2022,51,107,0,36,140000,4
2022,51,107,0,41,60000,3
2022,51,107,0,34,140000,3
2022,51,107,0,27,45000,1
2022,51,107,0,65,0,1
2022,51,107,0,54,135000,3
2022,51,107,0,58,0,3
2022,51,107,1,27,100000,3
2022,51,107,0,33,100000,4
2022,51,107,1,32,500,4
2022,51,107,0,53,154000,4
2022,51,107,1,51,72000,3
2022,51,107,0,53,42000,3
2022,51,107,0,53,42000,2
2022,51,107,1,59,179000,4
2022,51,107,0,48,100000,3
2022,51,107,1,50,85000,4
2022,51,107,0,18,6000,1
2022,51,107,0,38,140000,3
2022,51,107,0,36,175000,1
2022,51,107,0,64,76000,1
2022,51,107,0,63,77000,1
2022,51,107,0,32,101000,4
2022,51,107,0,35,90000,4
2022,51,107,1,47,143000,4
2022,51,107,0,33,75000,4
2022,51,107,0,57,150000,4
2022,51,107,0,52,30000,4
2022,51,107,0,18,13100,1
2022,51,107,0,41,260000,4
2022,51,107,0,56,60000,3
2022,51,107,0,50,60000,2
2022,51,107,0,44,80000,4
2022,51,107,0,49,80000,2
2022,51,107,0,35,70000,3
2022,51,107,1,52,190000,4
2022,51,107,1,45,130000,4
2022,51,107,0,62,50000,2
2022,51,107,0,61,35000,3
2022,51,107,1,31,300,2
2022,51,107,1,26,25000,2
2022,51,107,0,24,25000,2
2022,51,107,1,35,166000,3
2022,51,107,1,37,150000,3
2022,51,107,0,36,0,1
2022,51,107,0,37,0,1
2022,51,107,0,46,100000,4
2022,51,107,0,48,80000,1
2022,51,107,1,40,0,4
2022,51,107,1,49,149000,3
2022,51,107,0,51,160000,4
2022,51,107,0,41,26000,2
2022,51,107,0,48,130000,3
2022,51,107,0,51,190000,3
2022,51,107,1,58,144000,4
2022,51,107,0,57,65000,3
2022,51,107,0,24,65000,4
2022,51,107,0,38,85000,3
2022,51,107,1,43,100000,4
2022,51,107,0,64,85000,3
2022,51,107,0,67,117000,3
2022,51,107,1,36,50000,3
2022,51,107,0,34,68000,3
2022,51,107,1,42,150000,3
2022,51,107,1,42,300000,3
2022,51,107,0,41,66000,1
2022,51,107,0,48,21500,1
2022,51,107,0,34,55000,1
2022,51,107,0,27,30200,1
2022,51,107,0,41,50000,1
2022,51,107,0,28,55000,1
2022,51,107,0,23,35000,1
2022,51,107,0,43,65000,3
2022,51,107,0,45,78000,4
2022,51,107,0,61,0,4
2022,51,107,0,28,50000,3
2022,51,107,1,63,200000,4
2022,51,107,1,39,200000,3
2022,51,107,1,40,150000,4
2022,51,107,1,38,79000,3
2022,51,107,1,41,67000,4
2022,51,107,0,38,100000,2
2022,51,107,1,43,126000,4
2022,51,107,0,32,103000,4
2022,51,107,0,27,42000,3
2022,51,107,0,55,50000,3
2022,51,107,0,57,175000,3
2022,51,107,0,28,45000,3
2022,51,107,0,25,40000,2
2022,51,107,0,46,60000,3
2022,51,107,0,61,131000,3
2022,51,107,1,61,36800,4
2022,51,107,0,41,130000,1
2022,51,107,1,39,130000,3
2022,51,107,0,48,200000,4
2022,51,107,1,46,128000,4
2022,51,107,0,46,100000,3
2022,51,107,1,46,200000,2
2022,51,107,0,43,160000,4
2022,51,107,1,28,124000,3
2022,51,107,1,29,110000,3
2022,51,107,0,55,162000,4
2022,51,107,1,55,140000,4
2022,51,107,0,36,170000,3
2022,51,107,0,33,45000,3
2022,51,107,0,67,5000,2
2022,51,107,0,61,53000,1
2022,51,107,0,53,40000,1
2022,51,107,0,50,40000,1
2022,51,107,0,64,10000,4
2022,51,107,0,54,6000,2
2022,51,107,0,22,7000,1
2022,51,107,0,20,4000,1
2022,51,107,1,28,120000,3
2022,51,107,0,41,350000,3
2022,51,107,0,41,150000,3
2022,51,107,0,58,190000,4
2022,51,107,1,50,0,3
2022,51,107,1,53,250000,4
2022,51,107,0,22,12000,2
2022,51,107,1,40,106000,3
2022,51,107,1,48,100000,4
2022,51,107,0,42,50000,3
2022,51,107,1,55,154000,4
2022,51,107,1,49,63000,1
2022,51,107,0,27,27800,3
2022,51,107,0,44,7800,1
2022,51,107,0,52,160000,4
2022,51,107,1,53,0,4
2022,51,107,0,36,65000,1
2022,51,107,0,67,35000,3
2022,51,107,0,69,90000,3
2022,51,107,1,26,67000,4
2022,51,107,0,49,217000,3
2022,51,107,0,40,150000,4
2022,51,107,1,30,93000,4
2022,51,107,0,37,4500,3
2022,51,107,0,58,81000,3
2022,51,107,0,26,21000,1
2022,51,107,0,23,20000,2
2022,51,107,0,42,300000,4
2022,51,107,1,59,0,2
2022,51,107,0,41,5000,1
2022,51,107,0,37,30000,2
2022,51,107,0,25,12000,1
2022,51,107,0,64,14400,1
2022,51,107,0,37,80000,2
2022,51,107,1,54,71000,4
2022,51,107,1,40,18000,4
2022,51,107,1,50,143000,2
2022,51,107,1,50,136000,4
2022,51,107,0,27,60000,3
2022,51,107,0,73,0,3
2022,51,107,0,34,50000,3
2022,51,107,0,50,0,1
2022,51,107,0,52,108000,4
2022,51,107,0,25,35000,3
2022,51,107,0,34,100000,3
2022,51,107,0,63,90000,4
2022,51,107,0,33,110000,3
2022,51,107,0,33,114000,3
2022,51,107,0,31,56000,4
2022,51,107,0,29,90000,2
2022,51,107,0,31,280000,4
2022,51,107,0,22,50000,2
2022,51,107,0,49,70000,1
2022,51,107,0,16,11000,1
2022,51,107,0,24,100000,3
2022,51,107,0,24,89000,3
2022,51,107,0,53,125000,3
2022,51,107,0,22,25000,2
2022,51,107,0,21,20000,1
2022,51,107,1,60,135000,4
2022,51,107,0,52,195000,3
2022,51,107,0,61,200000,4
2022,51,107,0,61,75000,1
2022,51,107,0,39,174000,3
2022,51,107,0,38,115000,3
2022,51,107,1,36,141000,3
2022,51,107,0,41,30000,2
2022,51,107,1,55,78000,4
2022,51,107,0,63,47000,2
2022,51,107,0,61,56000,1
2022,51,107,0,73,0,3
2022,51,107,0,72,0,3
2022,51,107,0,66,10000,3
2022,51,107,0,47,160000,3
2022,51,107,0,45,20000,3
2022,51,107,1,29,100000,3
2022,51,107,0,27,33500,1
2022,51,107,0,61,57000,1
2022,51,107,0,51,170000,1
2022,51,107,0,64,12000,4
2022,51,107,0,43,121000,4
2022,51,107,0,36,75000,3
2022,51,107,0,36,65000,3
2022,51,107,0,59,30000,3
2022,51,107,0,62,190000,4
2022,51,107,0,36,70000,3
2022,51,107,0,39,100000,2
2022,51,107,0,28,152000,3
2022,51,107,0,27,30000,4
2022,51,107,1,51,160000,4
2022,51,107,1,50,102000,3
2022,51,107,1,40,108000,3
2022,51,107,1,45,60000,4
2022,51,107,1,58,160000,3
2022,51,107,1,51,57000,1
2022,51,107,0,43,75000,1
2022,51,107,0,48,85000,1
2022,51,107,0,64,42900,3
2022,51,107,0,32,54000,1
2022,51,107,0,48,185000,4
2022,51,107,0,44,75000,3
2022,51,107,0,58,100000,4
2022,51,107,0,70,80000,2
2022,51,107,1,22,7000,2
2022,51,107,1,48,180000,3
2022,51,107,1,40,281000,3
2022,51,107,1,40,138000,2
2022,51,107,0,62,125000,4
2022,51,107,0,54,75000,4
2022,51,107,0,21,0,1
2022,51,107,0,37,60000,1
2022,51,107,0,45,35000,1
2022,51,107,1,60,135000,4
2022,51,107,1,39,140000,4
2022,51,107,0,35,125000,4
2022,51,107,0,69,110000,4
2022,51,107,1,36,147000,3
2022,51,107,1,43,134000,4
2022,51,107,1,45,114000,4
2022,51,107,0,41,94000,4
2022,51,107,0,44,140000,4
2022,51,107,0,56,40000,1
2022,51,107,1,48,137000,3
2022,51,107,1,43,92000,4
2022,51,107,0,57,100000,2
2022,51,107,1,28,100000,3
2022,51,107,1,25,65000,3
2022,51,107,0,28,45000,4
2022,51,107,0,48,150000,3
2022,51,107,1,70,104000,1
2022,51,107,0,45,0,1
2022,51,107,0,40,87000,4
2022,51,107,1,31,91000,4
2022,51,107,1,27,140000,3
2022,51,107,0,27,40000,3
2022,51,107,1,31,100000,3
2022,51,107,1,53,170000,3
2022,51,107,0,55,70000,1
2022,51,107,0,52,29200,4
2022,51,107,0,49,60000,3
2022,51,107,0,46,127000,4
2022,51,107,1,48,100000,4
2022,51,107,1,41,98000,2
2022,51,107,1,40,2500,3
2022,51,107,1,40,61000,3
2022,51,107,0,54,140000,4
2022,51,107,0,53,160000,4
2022,51,107,0,25,59000,3
2022,51,107,0,26,76000,3
2022,51,107,1,26,70000,3
2022,51,107,0,59,6000,1
2022,51,107,0,54,48000,1
2022,51,107,0,17,8000,1
2022,51,107,0,33,35000,2
2022,51,107,1,28,85000,3
2022,51,107,1,28,69000,3
2022,51,107,0,42,113000,4
2022,51,107,1,37,110000,3
2022,51,107,0,26,65000,3
2022,51,107,0,27,80000,3
2022,51,107,1,29,69000,4
2022,51,107,0,35,100000,3
2022,51,107,1,46,225000,4
2022,51,107,1,41,80000,4
2022,51,107,1,35,39000,3
2022,51,107,1,35,80000,3
2022,51,107,0,59,218000,4
2022,51,107,0,28,30000,3
2022,51,107,0,59,180000,3
2022,51,107,1,37,160000,3
2022,51,107,0,44,160000,3
2022,51,107,0,38,125000,4
2022,51,107,0,55,120000,2
2022,51,107,0,58,60000,2
2022,51,107,0,23,1500,3
2022,51,107,0,21,500,2
2022,51,107,0,61,52000,2
2022,51,107,0,59,5000,2
2022,51,107,0,25,25000,1
2022,51,107,1,35,124000,3
2022,51,107,0,52,155000,3
2022,51,107,0,49,125000,3
2022,51,107,1,47,120000,3
2022,51,107,0,23,12800,1
2022,51,107,0,42,80000,4
2022,51,107,0,42,115000,3
2022,51,107,1,53,148000,4
2022,51,107,0,64,90000,4
2022,51,107,1,36,85000,3
2022,51,107,0,47,120000,3
2022,51,107,0,66,50000,2
2022,51,107,0,56,280000,4
2022,51,107,0,59,150000,3
2022,51,107,0,58,45000,2
2022,51,107,0,27,40000,4
2022,51,107,0,23,48000,3
2022,51,107,0,36,56000,3
2022,51,107,0,39,99000,4
2022,51,107,0,47,140000,4
2022,51,107,0,40,100000,4
2022,51,107,0,50,60000,3
2022,51,107,0,49,24000,2
2022,51,107,0,22,3000,2
2022,51,107,0,19,10000,2
2022,51,107,0,43,0,1
2022,51,107,0,62,75000,3
2022,51,107,0,59,25000,1
2022,51,107,0,28,35000,3
2022,51,107,0,53,120000,4
2022,51,107,0,22,5000,2
2022,51,107,0,43,0,1
2022,51,107,0,43,0,1
2022,51,107,1,26,60000,4
2022,51,107,1,26,63000,4
2022,51,107,0,49,87000,4
2022,51,107,0,45,65000,4
2022,51,107,0,42,79000,4
2022,51,107,0,41,92000,4
2022,51,107,0,43,271000,4
2022,51,107,0,44,30000,3
2022,51,107,1,38,120000,3
2022,51,107,0,42,120000,1
2022,51,107,0,42,70000,3
2022,51,107,0,36,120000,3
2022,51,107,0,37,50000,4
2022,51,107,1,49,110000,3
2022,51,107,0,41,10000,3
2022,51,107,1,46,179000,4
2022,51,107,0,21,15000,1
2022,51,107,0,18,7200,1
2022,51,107,1,58,78000,3
2022,51,107,0,47,163000,3
2022,51,107,0,51,150000,2
2022,51,107,0,17,5000,1
2022,51,107,0,47,0,1
2022,51,107,0,17,3300,1
2022,51,107,1,50,71000,4
2022,51,107,1,50,200000,4
2022,51,107,1,53,164000,3
2022,51,107,0,61,52000,1
2022,51,107,0,36,74000,4
2022,51,107,0,32,61000,2
2022,51,107,0,66,93000,2
2022,51,107,0,64,28000,1
2022,51,107,1,39,125000,3
2022,51,107,1,41,2500,3
2022,51,107,1,34,100000,4
2022,51,107,1,32,65000,2
2022,51,107,0,24,55000,2
2022,51,107,1,25,90000,2
2022,51,107,0,54,141000,4
2022,51,107,0,55,25000,3
2022,51,107,0,54,150000,2
2022,51,107,0,57,51000,3
2022,51,107,0,58,70000,2
2022,51,107,0,31,108000,3
2022,51,107,0,33,102000,4
2022,51,107,0,41,80000,4
2022,51,107,1,56,10000,4
2022,51,107,1,36,15000,4
2022,51,107,0,43,115000,4
2022,51,107,1,27,90000,3
2022,51,107,1,29,92000,3
2022,51,107,0,55,150000,1
2022,51,107,1,52,170000,2
2022,51,107,0,33,60000,1
2022,51,107,0,32,80000,3
2022,51,107,0,28,14400,1
2022,51,107,1,51,196000,4
2022,51,107,0,61,100000,3
2022,51,107,0,43,120000,3
2022,51,107,1,49,72000,4
2022,51,107,1,50,0,3
2022,51,107,0,24,10000,3
2022,51,107,1,43,120000,4
2022,51,107,0,44,75000,4
2022,51,107,0,62,0,3
2022,51,107,0,60,30000,3
2022,51,107,0,39,86000,3
2022,51,107,0,39,97000,3
2022,51,107,1,40,144000,3
2022,51,107,0,41,22000,3
2022,51,107,0,70,5200,1
2022,51,107,1,34,20000,2
2022,51,107,1,34,60000,3
2022,51,107,1,33,35000,3
2022,51,107,0,31,81000,4
2022,51,107,0,34,120000,4
2022,51,107,1,32,51000,3
2022,51,107,0,29,40000,3
2022,51,107,0,56,120000,3
2022,51,107,0,52,30000,1
2022,51,107,1,46,125000,3
2022,51,107,0,52,175000,4
2022,51,107,0,57,190000,4
2022,51,107,0,34,80000,3
2022,51,107,1,37,145000,4
2022,51,107,0,43,94000,3
2022,51,107,0,48,230000,4
2022,51,107,1,43,130000,3
2022,51,107,0,50,187000,3
2022,51,107,0,46,200000,4
2022,51,107,0,41,150000,4
2022,51,107,0,16,2600,1
2022,51,107,0,44,4000,3
2022,51,107,0,85,0,3
2022,51,107,1,78,0,1
2022,51,107,0,42,100000,1
2022,51,107,0,53,115000,2
2022,51,107,0,49,53000,3
2022,51,107,0,22,26000,2
2022,51,107,0,26,80000,2
2022,51,107,0,35,0,1
2022,51,107,1,60,0,3
2022,51,107,0,42,203000,2
2022,51,107,0,38,78000,3
2022,51,107,1,38,68000,3
2022,51,107,0,53,150000,3
2022,51,107,0,52,100000,4
2022,51,107,0,50,140000,3
2022,51,107,0,50,120000,3
2022,51,107,0,57,176000,4
2022,51,107,0,32,112000,4
2022,51,107,1,27,113000,3
2022,51,107,0,32,46200,1
2022,51,107,0,33,21000,3
2022,51,107,0,58,194000,4
2022,51,107,0,56,50000,1
2022,51,107,0,49,50000,1
2022,51,107,0,29,40000,3
2022,51,107,0,23,20000,2
2022,51,107,0,38,26000,1
2022,51,107,0,44,350000,4
2022,51,107,1,45,85000,3
2022,51,107,1,36,150000,3
2022,51,107,0,52,350000,4
2022,51,107,0,35,120000,4
2022,51,107,1,33,150000,4
2022,51,107,0,57,55000,3
2022,51,107,0,56,12000,1
2022,51,107,0,19,5600,1
2022,51,107,1,32,140000,4
2022,51,107,0,34,100000,3
2022,51,107,0,38,60000,3
2022,51,107,0,61,16000,4
2022,51,107,0,61,350000,4
2022,51,107,0,48,92000,4
2022,51,107,0,48,20000,3
2022,51,107,1,35,78000,4
2022,51,107,0,35,100000,3
2022,51,107,0,39,135000,2
2022,51,107,0,40,88000,4
2022,51,107,0,31,75000,4
2022,51,107,0,37,105000,4
2022,51,107,0,61,190000,4
2022,51,107,0,45,30000,1
2022,51,107,0,39,47000,1
2022,51,107,0,67,21500,1
2022,51,107,0,54,77000,2
2022,51,107,1,40,150000,3
2022,51,107,1,44,155000,3
2022,51,107,0,46,170000,3
2022,51,107,1,60,0,3
2022,51,107,1,53,170000,3
2022,51,107,0,22,25000,2
2022,51,107,0,19,12000,1
2022,51,107,1,48,90000,3
2022,51,107,0,43,125000,4
2022,51,107,1,35,220000,4
2022,51,107,0,55,250000,3
2022,51,107,0,31,10000,2
2022,51,107,1,50,120000,3
2022,51,107,0,38,28000,3
2022,51,107,1,29,102000,3
2022,51,107,0,59,250000,4
2022,51,107,0,59,15000,2
2022,51,107,0,36,48000,1
2022,51,107,0,18,5000,1
2022,51,107,0,66,210000,4
2022,51,107,0,48,200000,1
2022,51,107,1,59,151000,3
2022,51,107,0,54,99000,4
2022,51,107,0,51,156000,3
2022,51,107,0,47,50000,3
2022,51,107,0,42,73000,1
2022,51,107,0,33,10000,3
2022,51,107,0,33,100000,3
2022,51,107,0,43,110000,4
2022,51,107,0,42,160000,4
2022,51,107,0,49,150000,3
2022,51,107,0,41,70000,3
2022,51,107,1,61,0,4
2022,51,107,1,23,12000,2
2022,51,107,0,72,126000,2
2022,51,107,0,65,60000,3
2022,51,107,1,55,96000,4
2022,51,107,1,56,104000,3
2022,51,107,1,34,150000,1
2022,51,107,0,37,80000,1
2022,51,107,0,20,20000,1
2022,51,107,0,18,150,1
2022,51,107,1,27,60000,3
2022,51,107,0,56,55000,3
2022,51,107,1,38,330000,4
2022,51,107,0,38,95000,4
2022,51,107,0,65,220000,2
2022,51,107,1,40,135000,4
2022,51,107,1,32,110000,3
2022,51,107,1,43,320000,3
2022,51,107,0,54,100000,3
2022,51,107,1,54,200000,3
2022,51,107,0,22,16000,2
2022,51,107,0,54,54000,1
2022,51,107,1,55,108000,4
2022,51,107,1,62,135000,2
2022,51,107,1,61,158000,3
2022,51,107,1,46,96000,4
2022,51,107,0,44,76000,4
2022,51,107,0,36,55000,2
2022,51,107,0,48,250000,1
2022,51,107,0,21,7500,2
2022,51,107,1,49,180000,1
2022,51,107,1,46,70000,3
2022,51,107,0,42,10800,3
2022,51,107,0,16,6000,1
2022,51,107,1,44,300000,3
2022,51,107,0,52,93000,4
2022,51,107,0,46,120000,2
2022,51,107,0,27,55000,1
2022,51,107,1,57,125000,3
2022,51,107,0,39,70000,3
2022,51,107,0,45,91000,4
2022,51,107,1,50,220000,3
2022,51,107,0,17,5000,1
2022,51,107,1,55,85000,1
2022,51,107,0,69,92000,4
2022,51,107,0,65,15000,4
2022,51,107,0,46,100000,2
2022,51,107,1,21,12000,1
2022,51,107,1,33,40000,3
2022,51,107,0,41,0,2
2022,51,107,1,53,140000,1
2022,51,107,1,50,65000,3
2022,51,107,0,55,195000,3
2022,51,107,1,54,145000,4
2022,51,107,0,29,68000,3
2022,51,107,0,33,62000,1
2022,51,107,0,76,45000,1
2022,51,107,1,48,125000,3
2022,51,107,1,43,7200,4
2022,51,107,0,59,5600,3
2022,51,107,1,69,33500,1
2022,51,107,0,67,0,2
2022,51,107,1,39,90000,3
2022,51,107,0,50,600,1
2022,51,107,0,35,35000,3
2022,51,107,1,30,32000,2
2022,51,107,1,45,160000,4
2022,51,107,1,51,141000,3
2022,51,107,0,37,250000,4
2022,51,107,1,55,172000,3
2022,51,107,1,47,20000,3
2022,51,107,0,39,90000,4
2022,51,107,0,56,143000,4
2022,51,107,1,52,140000,4
2022,51,107,0,32,70000,2
2022,51,107,0,26,50000,4
2022,51,107,1,34,163000,3
2022,51,107,0,35,60000,4
2022,51,107,0,61,200000,4
2022,51,107,0,63,165000,3
2022,51,107,0,64,130000,4
2022,51,107,1,30,200000,4
2022,51,107,1,56,119000,3
2022,51,107,0,22,40000,2
2022,51,107,0,36,135000,4
2022,51,107,0,34,70000,1
2022,51,107,0,48,228000,4
2022,51,107,1,45,136000,3
2022,51,107,0,52,140000,4
2022,51,107,0,53,198000,4
2022,51,107,0,35,80000,3
2022,51,107,1,45,172000,4
2022,51,107,0,35,129000,3
2022,51,107,0,35,120000,3
2022,51,107,1,46,125000,2
2022,51,107,1,40,80000,3
2022,51,107,0,29,72000,4
2022,51,107,1,62,150000,4
2022,51,107,0,63,80000,4
2022,51,107,0,67,0,4
2022,51,107,0,43,180000,4
2022,51,107,0,46,28100,1
2022,51,107,0,33,150000,1
2022,51,107,0,30,91000,1
2022,51,107,0,54,52000,2
2022,51,107,0,30,42000,4
2022,51,107,0,38,120000,2
2022,51,107,0,37,130000,3
2022,51,107,0,46,185000,4
2022,51,107,0,47,65000,3
2022,51,107,0,17,2000,1
2022,51,107,0,50,79000,3
2022,51,107,0,50,250000,4
2022,51,107,0,47,88000,3
2022,51,107,1,23,90000,3
2022,51,107,1,47,96000,4
2022,51,107,0,50,98000,4
2022,51,107,1,37,100000,4
2022,51,107,0,31,18500,2
2022,51,107,0,36,58000,1
2022,51,107,0,62,25000,3
2022,51,107,1,41,275000,4
2022,51,107,0,53,160000,3
2022,51,107,0,24,70000,3
2022,51,107,0,44,21000,4
2022,51,107,0,42,130000,3
2022,51,107,0,40,80000,3
2022,51,107,1,37,110000,3
2022,51,107,0,64,124000,4
2022,51,107,0,34,38000,1
2022,51,107,0,36,38000,1
2022,51,107,1,44,214000,2
2022,51,107,0,20,20000,1
2022,51,107,0,56,75000,4
2022,51,107,0,64,172000,1
2022,51,107,1,46,93000,4
2022,51,107,1,37,150000,3
2022,51,107,1,44,200000,3
2022,51,107,1,44,225000,4
2022,51,107,0,44,130000,1
2022,51,107,0,22,29300,1
2022,51,107,0,31,30000,1
2022,51,107,0,34,34000,1
2022,51,107,0,25,30000,1
2022,51,107,0,52,25000,1
2022,51,107,0,27,20000,1
2022,51,107,0,56,210000,4
2022,51,107,0,52,17700,4
2022,51,107,1,23,50000,3
2022,51,107,0,22,35000,3
2022,51,107,0,64,126000,4
2022,51,107,0,27,10000,1
2022,51,107,0,33,30600,1
2022,51,107,0,43,37000,4
2022,51,107,1,51,100000,1
2022,51,107,0,43,134000,3
2022,51,107,0,43,175000,2
2022,51,107,0,63,200000,4
2022,51,107,0,44,1000,2
2022,51,107,0,51,180000,4
2022,51,107,0,22,40000,3
2022,51,107,0,59,250000,3
2022,51,107,1,63,157000,3
2022,51,107,1,62,80000,2
2022,51,107,0,42,151000,4
2022,51,107,1,36,270000,4
2022,51,107,0,35,92000,4
2022,51,107,0,34,60000,3
2022,51,107,1,46,190000,3
2022,51,107,1,42,140000,3
2022,51,107,0,50,18000,1
2022,51,107,0,52,0,1
2022,51,107,1,52,228000,3
2022,51,107,1,26,94000,4
2022,51,107,0,26,65000,3
2022,51,107,0,42,23500,1
2022,51,107,0,47,76000,3
2022,51,107,0,65,185000,2
2022,51,107,0,27,20000,4
2022,51,107,0,27,5000,4
2022,51,107,0,44,130000,4
2022,51,107,0,42,65000,1
2022,51,107,0,50,40000,3
2022,51,107,0,54,163000,4
2022,51,107,0,54,72000,4
2022,51,107,0,25,30000,4
2022,51,107,0,23,30000,3
2022,51,107,0,22,20000,2
2022,51,107,0,71,37000,2
2022,51,107,0,49,107000,4
2022,51,107,0,48,45000,3
2022,51,107,0,53,0,3
2022,51,107,0,51,85000,3
2022,51,107,0,49,92000,1
2022,51,107,0,51,24000,1
2022,51,107,0,27,35000,3
2022,51,107,0,63,0,2
2022,51,107,0,70,27000,2
2022,51,107,0,57,216000,3
2022,51,107,0,63,56000,2
2022,51,107,1,51,0,3
2022,51,107,0,50,176000,3
2022,51,107,0,50,110000,3
2022,51,107,1,43,100000,4
2022,51,107,0,33,100000,3
2022,51,107,0,54,81000,4
2022,51,107,0,46,76000,4
2022,51,107,0,18,8000,1
2022,51,107,0,49,150000,3
2022,51,107,0,45,75000,4
2022,51,107,0,33,150000,3
2022,51,107,0,31,81000,3
2022,51,107,0,62,124000,4
2022,51,107,0,59,30000,2
2022,51,107,1,58,30000,1
2022,51,107,0,54,30000,1
2022,51,107,0,31,50000,3
2022,51,107,0,28,42000,2
2022,51,107,0,23,50000,1
2022,51,107,0,35,40000,2
2022,51,107,1,46,110000,4
2022,51,107,1,44,140000,4
2022,51,107,0,48,89000,4
2022,51,107,1,52,174000,4
2022,51,107,0,63,75000,3
2022,51,107,1,34,100000,4
2022,51,107,1,29,100000,4
2022,51,107,1,78,0,4
2022,51,107,1,53,20000,4
2022,51,107,0,53,120000,3
2022,51,107,0,42,136000,1
2022,51,107,1,41,48000,1
2022,51,107,0,46,102000,3
2022,51,107,0,43,104000,3
2022,51,107,0,44,168000,3
2022,51,107,0,42,33000,2
2022,51,107,0,40,26000,4
2022,51,107,0,41,250000,4
2022,51,107,0,54,80000,2
2022,51,107,1,45,73000,2
2022,51,107,1,44,137000,1
2022,51,107,0,63,87000,3
2022,51,107,0,52,94000,3
2022,51,107,0,53,120000,2
2022,51,107,0,23,35000,1
2022,51,107,0,58,42000,3
2022,51,107,0,24,1600,3
2022,51,107,0,22,6700,3
2022,51,107,1,33,120000,3
2022,51,107,1,33,80000,3
2022,51,107,0,53,27000,1
2022,51,107,0,52,3000,1
2022,51,107,0,27,36000,1
2022,51,107,0,35,117000,4
2022,51,107,1,41,162000,4
2022,51,107,0,63,38000,4
2022,51,107,0,23,410,1
2022,51,107,1,50,220000,4
2022,51,107,1,54,0,3
2022,51,107,0,17,1500,1
2022,51,107,0,50,54000,2
2022,51,107,0,52,155000,3
2022,51,107,0,28,12000,3
2022,51,107,1,18,8000,1
2022,51,107,1,49,135000,3
2022,51,107,0,43,50000,3
2022,51,107,0,58,131000,3
2022,51,107,0,57,131000,3
2022,51,107,0,26,45000,3
2022,51,107,0,19,5000,1
2022,51,107,1,22,35000,2
2022,51,107,0,64,22000,2
2022,51,107,0,68,8000,3
2022,51,107,0,58,85000,3
2022,51,107,0,37,147000,4
2022,51,107,1,36,122000,4
2022,51,107,0,69,20000,2
2022,51,107,0,26,55000,4
2022,51,107,1,67,90000,3
2022,51,107,0,51,350000,4
2022,51,107,0,45,170000,3
2022,51,107,0,41,40000,3
2022,51,107,0,29,25500,2
2022,51,107,0,21,1000,1
2022,51,107,0,59,86000,3
2022,51,107,0,68,44000,4
2022,51,107,0,61,73000,4
2022,51,107,0,21,25000,2
2022,51,107,0,35,50000,3
2022,51,107,1,64,176000,3
2022,51,107,1,65,60000,3
2022,51,107,0,37,30000,1
2022,51,107,0,36,31300,1
2022,51,107,0,60,14000,1
2022,51,107,0,43,93000,4
2022,51,107,0,47,66000,1
2022,51,107,0,54,258000,3
2022,51,107,0,48,24300,3
2022,51,107,0,61,154000,4
2022,51,107,0,57,60000,4
2022,51,107,1,57,164000,2
2022,51,107,1,62,100000,3
2022,51,107,0,45,130000,3
2022,51,107,1,34,52000,3
2022,51,107,0,33,124000,3
2022,51,107,0,40,55000,2
2022,51,107,0,37,33000,2
2022,51,107,0,50,112000,3
2022,51,107,1,56,350000,3
2022,51,107,1,63,200000,4
2022,51,107,1,32,43000,2
2022,51,107,0,68,0,2
2022,51,107,0,59,155000,3
2022,51,107,1,49,5300,3
2022,51,107,0,53,150000,4
2022,51,107,0,47,92000,4
2022,51,107,0,49,80000,2
2022,51,107,0,37,87000,3
2022,51,107,0,24,1000,1
2022,51,107,0,20,6500,2
2022,51,107,1,45,52000,4
2022,51,107,0,24,35000,3
2022,51,107,0,34,130000,3
2022,51,107,1,29,51000,3
2022,51,107,0,46,25000,2
2022,51,107,0,27,240000,4
2022,51,107,1,27,140000,3
2022,51,107,0,47,32000,1
2022,51,107,0,44,65000,2
2022,51,107,0,46,60000,3
2022,51,107,0,17,2000,1
2022,51,107,0,54,131000,3
2022,51,107,1,39,172000,3
2022,51,107,0,34,99000,4
2022,51,107,0,31,200000,2
2022,51,107,1,61,92000,4
2022,51,107,1,57,48000,4
2022,51,107,0,52,160000,3
2022,51,107,0,50,35000,4
2022,51,107,0,21,5000,3
2022,51,107,1,60,180000,3
2022,51,107,0,55,176000,3
2022,51,107,0,48,158000,4
2022,51,107,0,72,78000,3
2022,51,107,0,61,28000,1
2022,51,107,0,27,50000,3
2022,51,107,0,61,125000,2
2022,51,107,0,57,147000,1
2022,51,107,1,45,96000,3
2022,51,107,1,41,100000,3
2022,51,107,0,43,136000,1
2022,51,107,1,48,180000,1
2022,51,107,0,60,245000,4
2022,51,107,1,55,100000,3
2022,51,107,1,35,48000,1
2022,51,107,1,35,22700,1
2022,51,107,1,52,165000,2
2022,51,107,1,50,72000,4
2022,51,107,0,53,29200,3
2022,51,107,0,67,19000,1
2022,51,107,0,75,12000,2
2022,51,107,0,32,12600,3
2022,51,107,0,30,27000,4
2022,51,107,1,58,220000,3
2022,51,107,0,63,48000,1
2022,51,107,1,58,200000,4
2022,51,107,0,41,105000,3
2022,51,107,0,35,2900,4
2022,51,107,0,28,90000,1
2022,51,107,0,23,35000,2
2022,51,107,1,43,90000,2
2022,51,107,1,56,175000,3
2022,51,107,0,54,108000,4
2022,51,107,0,61,127000,4
2022,51,107,1,41,80000,3
2022,51,107,0,32,85000,4
2022,51,107,1,41,170000,4
2022,51,107,0,18,13100,1
2022,51,107,0,16,6900,1
2022,51,107,0,40,140000,4
2022,51,107,0,37,90000,3
2022,51,107,0,43,55000,1
2022,51,107,1,80,210000,3
2022,51,107,0,53,125000,3
2022,51,107,0,28,90000,3
2022,51,107,0,37,130000,4
2022,51,107,1,38,20000,4
2022,51,107,0,61,2500,3
2022,51,107,1,60,120000,3
2022,51,107,0,56,59000,3
2022,51,107,0,59,42400,1
2022,51,107,0,54,172000,4
2022,51,107,0,60,48100,2
2022,51,107,0,28,25000,2
2022,51,107,0,71,35000,2
2022,51,107,1,46,10000,2
2022,51,107,1,42,85000,1
2022,51,107,1,36,95000,1
2022,51,107,0,59,296000,3
2022,51,107,1,59,137000,3
2022,51,107,0,42,50000,1
2022,51,107,0,17,3000,1
2022,51,107,0,36,150000,2
2022,51,107,0,31,130000,4
2022,51,107,0,59,136000,4
2022,51,107,0,49,25000,2
2022,51,107,1,50,120000,3
2022,51,107,1,50,180000,4
2022,51,107,0,22,32000,2
2022,51,107,0,67,90000,4
2022,51,107,1,59,60000,3
2022,51,107,1,52,230000,4
2022,51,107,0,18,7000,1
2022,51,107,1,57,147000,3
2022,51,107,1,59,80000,3
2022,51,107,1,46,160000,4
2022,51,107,0,58,5600,1
2022,51,107,0,22,6400,1
2022,51,107,0,65,140000,3
2022,51,107,0,39,70000,3
2022,51,107,0,35,97000,3
2022,51,107,0,37,94000,3
2022,51,107,0,44,80000,1
2022,51,107,0,40,42100,3
2022,51,107,0,50,60000,4
2022,51,107,0,50,35000,1
2022,51,107,0,28,13300,1
2022,51,107,0,17,2200,1
2022,51,107,1,42,150000,4
2022,51,107,1,37,100000,3
2022,51,107,0,36,50000,4
2022,51,107,1,36,130000,3
2022,51,107,0,52,70000,3
2022,51,107,0,56,20000,3
2022,51,107,0,56,350000,3
2022,51,107,0,54,150000,3
2022,51,107,0,23,3600,1
2022,51,107,0,16,330,1
2022,51,107,0,48,168000,2
2022,51,107,0,53,60000,2
2022,51,107,0,51,72000,3
2022,51,107,0,64,148000,1
2022,51,107,0,29,95000,3
2022,51,107,0,33,35000,1
2022,51,107,0,37,140000,3
2022,51,107,1,33,50000,4
2022,51,107,1,57,45000,1
2022,51,107,0,28,13000,2
2022,51,107,0,40,90000,3
2022,51,107,0,35,88000,3
2022,51,107,1,47,163000,3
2022,51,107,1,47,115000,4
2022,51,107,1,72,54000,4
2022,51,107,1,72,94000,4
2022,51,107,0,52,69000,1
2022,51,107,0,52,120000,4
2022,51,107,0,35,36000,1
2022,51,107,1,77,80000,4
2022,51,107,0,29,8000,3
2022,51,107,1,51,100,4
2022,51,107,0,58,140000,3
2022,51,107,1,48,190000,3
2022,51,107,0,59,150000,2
2022,51,107,0,35,120000,2
2022,51,107,0,40,37000,1
2022,51,107,0,19,50000,1
2022,51,107,0,18,3000,1
2022,51,107,0,60,141000,4
2022,51,107,0,58,183000,4
2022,51,107,0,19,3000,1
2022,51,107,0,52,42000,1
2022,51,107,0,51,89000,1
2022,51,107,0,17,1500,1
2022,51,107,0,50,193000,4
2022,51,107,0,74,150000,3
2022,51,107,0,36,141000,3
2022,51,107,0,42,5000,3
2022,51,107,0,44,0,4
2022,51,107,0,38,0,4
2022,51,107,0,56,100000,1
2022,51,107,0,65,175000,1
2022,51,107,1,57,113000,4
2022,51,107,1,56,87000,3
2022,51,107,0,45,49000,3
2022,51,107,0,46,65000,1
2022,51,107,0,19,6000,1
2022,51,107,0,36,120000,4
2022,51,107,0,31,60000,3
2022,51,107,0,48,70000,4
2022,51,107,0,49,200000,4
2022,51,107,1,35,120000,4
2022,51,107,0,37,12000,2
2022,51,107,0,38,64000,3
2022,51,107,0,58,70000,1
2022,51,107,0,48,80000,1
2022,51,107,1,58,120000,4
2022,51,107,0,56,50000,3
2022,51,107,0,52,116000,4
2022,51,107,0,32,89000,3
2022,51,107,1,34,125000,4
2022,51,107,1,45,160000,4
2022,51,107,1,44,10000,3
2022,51,107,0,45,259000,3
2022,51,107,1,44,160000,4
2022,51,107,0,53,250000,4
2022,51,107,0,51,90000,1
2022,51,107,0,42,17000,1
2022,51,107,0,22,0,2
2022,51,107,0,19,11000,2
2022,51,107,0,71,10400,1
2022,51,107,1,48,150000,4
2022,51,107,1,35,50000,3
2022,51,107,0,34,110000,4
2022,51,107,1,52,132000,4
2022,51,107,0,61,230000,3
2022,51,107,0,34,50000,4
2022,51,107,0,30,36000,1
2022,51,107,0,42,160000,3
2022,51,107,0,48,5000,2
2022,51,107,0,46,187000,4
2022,51,107,0,43,46000,1
2022,51,107,0,21,11000,1
2022,51,107,0,44,145000,4
2022,51,107,1,31,0,3
2022,51,107,0,31,170000,3
2022,51,107,0,47,200000,4
2022,51,107,1,35,80000,4
2022,51,107,0,35,100000,4
2022,51,107,0,54,245000,3
2022,51,107,0,56,95000,3
2022,51,107,1,54,30000,3
2022,51,107,1,54,153000,4
2022,51,107,1,48,0,3
2022,51,107,0,54,200000,2
2022,51,107,0,54,65000,2
2022,51,107,0,56,55000,2
2022,51,107,0,43,130000,3
2022,51,107,0,37,118000,4
2022,51,107,0,41,121000,3
2022,51,107,0,47,0,2
2022,51,107,0,52,143000,4
2022,51,107,0,49,22800,1
2022,51,107,1,52,150000,4
2022,51,107,1,51,150000,4
2022,51,107,1,41,134000,3
2022,51,107,0,37,100000,4
2022,51,107,0,32,50000,1
2022,51,107,0,56,104000,2
2022,51,107,1,56,52000,2
2022,51,107,1,29,60000,3
2022,51,107,0,28,1900,2
2022,51,107,1,38,90000,2
2022,51,107,1,41,120000,2
2022,51,107,0,50,55000,2
2022,51,107,0,31,63000,2
2022,51,107,0,55,140000,4
2022,51,107,1,51,130000,3
2022,51,107,0,34,80000,4
2022,51,107,0,33,50000,4
2022,51,107,1,50,195000,3
2022,51,107,0,53,66000,1
2022,51,107,0,49,0,1
2022,51,107,0,36,150000,3
2022,51,107,0,75,75000,2
2022,51,107,0,32,50000,3
2022,51,107,0,32,50000,3
2022,51,107,0,27,75000,3
2022,51,107,1,38,150000,4
2022,51,107,1,32,80000,3
2022,51,107,0,22,32000,2
2022,51,107,0,53,45000,1
2022,51,107,0,37,220000,4
2022,51,107,0,36,160000,4
2022,51,107,0,26,20400,1
2022,51,107,0,52,195000,1
2022,51,107,0,50,50000,3
2022,51,107,1,57,47000,1
2022,51,107,1,42,50000,1
2022,51,107,0,41,197000,4
2022,51,107,0,34,163000,2
2022,51,107,1,56,65000,4
2022,51,107,0,36,165000,3
2022,51,107,0,35,54000,3
2022,51,107,0,58,95000,1
2022,51,107,0,55,31000,1
2022,51,107,0,28,30200,1
2022,51,107,0,28,18000,2
2022,51,107,1,59,150000,4
2022,51,107,1,55,120000,3
2022,51,107,1,49,155000,4
2022,51,107,1,38,350000,3
2022,51,107,0,42,110000,3
2022,51,107,0,29,0,3
2022,51,107,0,28,50000,2
2022,51,107,0,21,25000,2
2022,51,107,0,59,119000,2
2022,51,107,1,48,150000,4
2022,51,107,0,34,100000,1
2022,51,107,0,60,211000,3
2022,51,107,0,62,57000,3
2022,51,107,0,35,159000,4
2022,51,107,1,29,59000,4
2022,51,107,1,50,150000,4
2022,51,107,0,51,31800,2
2022,51,107,0,47,120000,4
2022,51,107,0,60,30000,1
2022,51,107,0,45,80000,3
2022,51,107,1,61,140000,4
2022,51,107,1,56,110000,3
2022,51,107,1,59,190000,3
2022,51,107,0,36,75000,4
2022,51,107,1,36,80000,1
2022,51,107,1,40,8000,2
2022,51,107,0,41,160000,4
2022,51,107,0,46,6100,4
2022,51,107,1,47,250000,2
2022,51,107,0,37,77000,4
2022,51,107,0,57,150000,4
2022,51,107,1,57,90000,3
2022,51,107,0,44,140000,3
2022,51,107,0,38,45000,3
2022,51,107,0,47,175000,3
2022,51,107,0,16,11000,1
2022,51,107,1,26,50000,1
2022,51,107,1,70,74000,3
2022,51,107,0,53,120000,4
2022,51,107,0,68,10000,3
2022,51,107,1,69,96000,4
2022,51,107,0,45,38000,1
2022,51,107,0,24,35000,2
2022,51,107,0,20,2000,1
2022,51,107,0,52,77000,1
2022,51,107,0,51,12800,1
2022,51,107,0,21,15000,1
2022,51,107,0,18,670,1
2022,51,107,1,68,2400,4
2022,51,107,1,63,20000,3
2022,51,107,0,31,47000,1
2022,51,107,0,31,57000,2
2022,51,107,0,29,73000,3
2022,51,107,0,30,92000,3
2022,51,107,1,51,100000,3
2022,51,107,1,49,60000,3
2022,51,107,0,23,18000,2
2022,51,107,0,44,0,2
2022,51,107,1,60,10000,1
2022,51,107,0,35,175000,4
2022,51,107,1,40,140000,3
2022,51,107,1,39,150000,3
2022,51,107,1,48,1000,3
2022,51,107,0,50,0,3
2022,51,107,1,22,1000,3
2022,51,107,0,59,35000,1
2022,51,107,0,24,14000,1
2022,51,107,0,64,161000,4
2022,51,107,0,56,60000,4
2022,51,107,1,59,140000,2
2022,51,107,0,51,38000,3
2022,51,107,0,62,106000,1
2022,51,107,0,79,100000,4
2022,51,107,1,72,3600,2
2022,51,107,0,63,70000,3
2022,51,107,1,40,0,2
2022,51,107,0,60,93000,2
2022,51,107,0,37,142000,4
2022,51,107,1,37,142000,4
2022,51,107,1,41,200000,4
2022,51,107,0,40,115000,3
2022,51,107,1,41,97000,3
2022,51,107,0,68,42000,1
2022,51,107,0,65,27000,1
2022,51,107,0,37,0,2
2022,51,107,0,36,0,1
2022,51,107,0,51,10000,3
2022,51,107,0,50,30000,4
2022,51,107,0,19,500,2
2022,51,107,0,54,40000,2
2022,51,107,0,53,90000,3
2022,51,107,1,50,82000,1
2022,51,107,0,18,4200,1
2022,51,107,1,55,165000,2
2022,51,107,1,53,15000,1
2022,51,107,1,41,203000,2
2022,51,107,1,34,85000,3
2022,51,107,0,35,87000,3
2022,51,107,0,49,160000,3
2022,51,107,0,51,20000,3
2022,51,107,0,57,190000,3
2022,51,107,1,49,165000,2
2022,51,107,0,50,176000,4
2022,51,107,0,53,110000,3
2022,51,107,0,20,30400,1
2022,51,107,1,66,152000,4
2022,51,107,0,44,160000,4
2022,51,107,0,46,1500,1
2022,51,107,1,31,88000,3
2022,51,107,1,42,60000,3
2022,51,107,0,45,50000,3
2022,51,107,0,57,50000,1
2022,51,107,1,78,48000,1
2022,51,107,0,39,135000,4
2022,51,107,0,45,34000,1
2022,51,107,0,36,79000,3
2022,51,107,0,53,123000,4
2022,51,107,0,45,107000,4
2022,51,107,0,41,140000,3
2022,51,107,0,27,50000,3
2022,51,107,1,26,25000,4
2022,51,107,0,78,100000,2
2022,51,107,0,73,100000,2
2022,51,107,0,58,130000,4
2022,51,107,0,52,54000,3
2022,51,107,1,21,19000,3
2022,51,107,0,69,192000,4
2022,51,107,0,55,130000,2
2022,51,107,1,33,100000,4
2022,51,107,1,34,90000,4
2022,51,107,1,46,198000,3
2022,51,107,1,36,153000,3
2022,51,107,1,36,0,4
2022,51,107,1,59,350000,2
2022,51,107,0,57,19700,3
2022,51,107,1,41,200000,3
2022,51,107,0,39,80000,3
2022,51,107,0,44,75000,3
2022,51,107,1,56,350000,4
2022,51,107,0,55,130000,4
2022,51,107,0,22,6000,3
2022,51,107,0,56,120000,2
2022,51,107,0,17,1200,1
2022,51,107,1,40,130000,4
2022,51,107,0,49,180000,4
2022,51,107,1,44,170000,4
2022,51,107,0,26,28000,2
2022,51,107,0,31,36000,2
2022,51,107,0,62,30000,1
2022,51,107,1,48,170000,4
2022,51,107,0,44,50000,3
2022,51,107,0,29,70000,2
2022,51,107,0,33,30000,2
2022,51,107,1,47,186000,4
2022,51,107,0,43,165000,3
2022,51,107,0,22,1600,2
2022,51,107,1,45,180000,2
2022,51,107,0,57,3000,2
2022,51,107,0,39,180000,2
2022,51,107,1,36,65000,3
2022,51,107,0,16,720,1
2022,51,107,1,41,103000,3
2022,51,107,1,41,250000,4
2022,51,107,1,50,101000,3
2022,51,107,1,50,90000,1
2022,51,107,1,59,72000,3
2022,51,107,0,38,100000,3
2022,51,107,0,69,184000,4
2022,51,107,1,31,45000,3
2022,51,107,0,65,127000,1
2022,51,107,1,71,0,1
2022,51,107,0,42,155000,3
2022,51,107,0,40,26000,3
2022,51,107,1,51,170000,4
2022,51,107,1,48,100000,4
2022,51,107,0,18,5000,1
2022,51,107,0,37,3000,1
2022,51,107,1,57,350000,2
2022,51,107,0,32,106000,3
2022,51,107,0,57,0,4
2022,51,107,0,35,0,3
2022,51,107,0,32,55000,1
2022,51,107,0,36,82000,4
2022,51,107,0,36,145000,1
2022,51,107,0,42,110000,2
2022,51,107,1,56,183000,4
2022,51,107,0,50,24300,4
2022,51,107,1,57,110000,4
2022,51,107,1,24,7200,3
2022,51,107,0,37,140000,2
2022,51,107,1,48,22500,4
2022,51,107,0,55,85000,3
2022,51,107,0,55,50000,1
2022,51,107,1,34,160000,4
2022,51,107,1,48,250000,3
2022,51,107,1,51,0,4
2022,51,107,0,30,32000,3
2022,51,107,0,32,75000,4
2022,51,107,0,31,28000,3
2022,51,107,0,62,165000,3
2022,51,107,0,67,116000,3
2022,51,107,1,31,0,3
2022,51,107,1,31,125000,3
2022,51,107,1,29,85000,3
2022,51,107,1,47,113000,4
2022,51,107,1,52,180000,3
2022,51,107,0,35,165000,3
2022,51,107,1,34,128000,4
2022,51,107,0,44,95000,4
2022,51,107,1,35,103000,3
2022,51,107,0,62,211000,4
2022,51,107,1,63,12000,3
2022,51,107,1,57,0,3
2022,51,107,0,33,240000,4
2022,51,107,0,30,158000,4
2022,51,107,1,37,145000,4
2022,51,107,1,38,52000,3
2022,51,107,0,42,150000,4
2022,51,107,0,40,150000,4
2022,51,107,1,62,250000,4
2022,51,107,0,54,41000,3
2022,51,107,1,57,200000,1
2022,51,107,0,31,52000,1
2022,51,107,1,46,160000,3
2022,51,107,1,44,109000,2
2022,51,107,0,61,40000,1
2022,51,107,0,48,12000,1
2022,51,107,0,18,1000,1
2022,51,107,0,17,1000,1
2022,51,107,0,54,52000,2
2022,51,107,0,53,82000,4
2022,51,107,0,23,9000,3
2022,51,107,0,69,8200,1
2022,51,107,0,35,87000,3
2022,51,107,0,40,55000,3
2022,51,107,0,51,230000,3
2022,51,107,1,47,230000,3
2022,51,107,0,44,85000,2
2022,51,107,1,18,22000,1
2022,51,107,1,33,250000,3
2022,51,107,0,28,45000,3
2022,51,107,0,56,32000,1
2022,51,107,1,58,120000,4
2022,51,107,0,58,30000,3
2022,51,107,0,50,2100,4
2022,51,107,0,53,190000,4
2022,51,107,0,45,45000,3
2022,51,107,1,47,150000,3
2022,51,107,0,58,18000,2
2022,51,107,0,60,30000,2
2022,51,107,1,54,148000,4
2022,51,107,1,58,100000,2
2022,51,107,1,46,190000,3
2022,51,107,0,28,25000,3
2022,51,107,0,24,400,3
2022,51,107,0,23,9400,1
2022,51,107,1,64,16000,3
2022,51,107,0,57,154000,4
2022,51,107,1,45,300000,3
2022,51,107,0,54,53000,3
2022,51,107,0,25,12000,3
2022,51,107,1,32,135000,2
2022,51,107,1,56,94000,3
2022,51,107,1,55,94000,3
2022,51,107,1,30,50000,4
2022,51,107,0,65,350000,3
2022,51,107,0,62,40000,3
2022,51,107,1,52,178000,3
2022,51,107,0,47,0,2
2022,51,107,0,46,260000,3
2022,51,107,0,42,80000,3
2022,51,107,0,41,130000,3
2022,51,107,0,41,120000,3
2022,51,107,0,28,49000,1
2022,51,107,0,35,32000,1
2022,51,107,1,46,190000,4
2022,51,107,0,41,50000,3
2022,51,107,1,63,131000,3
2022,51,107,0,59,38000,3
2022,51,107,1,30,90000,3
2022,51,107,1,58,200000,4
2022,51,107,0,55,80000,4
2022,51,107,0,59,12000,3
2022,51,107,0,59,190000,4
2022,51,107,0,69,115000,3
2022,51,107,0,67,32000,3
2022,51,107,0,36,135000,3
2022,51,107,0,49,87000,4
2022,51,107,1,46,120000,3
2022,51,107,0,48,6000,4
2022,51,107,0,45,140000,4
2022,51,107,0,44,40000,4
2022,51,107,1,30,70000,3
2022,51,107,0,29,68000,4